"","Nombres","Edad","Sueldo"
"1","Juan",54,69472
"2","Juan",35,72051
"3","Juan",165,86028
"4","Juan",84,124490
"5","Juan",132,3916
"6","Juan",20,24884
"7","Juan",70,145776
"8","Juan",137,46341
"9","Juan",136,7497
"10","Juan",169,163012
"11","Juan",54,63
"12","Juan",35,125956
"13","Juan",165,9826
"14","Juan",84,24209
"15","Juan",132,135478
"16","Juan",20,74720
"17","Juan",70,139389
"18","Juan",137,30409
"19","Juan",136,175182
"20","Juan",169,79716
"21","Juan",54,132414
"22","Juan",35,171279
"23","Juan",165,193315
"24","Juan",84,165928
"25","Juan",132,40439
"26","Juan",20,26402
"27","Juan",70,96506
"28","Juan",137,172228
"29","Juan",136,18083
"30","Juan",169,113140
"31","Juan",54,92704
"32","Juan",35,174350
"33","Juan",165,106144
"34","Juan",84,155543
"35","Juan",132,55432
"36","Juan",20,164804
"37","Juan",70,116902
"38","Juan",137,42320
"39","Juan",136,75204
"40","Juan",169,179941
"41","Juan",54,17159
"42","Juan",35,30121
"43","Juan",165,112363
"44","Juan",84,108166
"45","Juan",132,147002
"46","Juan",20,165516
"47","Juan",70,68727
"48","Juan",137,96346
"49","Juan",136,107987
"50","Juan",169,17575
"51","Juan",54,4044
"52","Juan",35,57535
"53","Juan",165,185719
"54","Juan",84,31939
"55","Juan",132,66284
"56","Juan",20,29342
"57","Juan",70,90945
"58","Juan",137,158588
"59","Juan",136,7770
"60","Juan",169,86910
"61","Juan",54,88404
"62","Juan",35,43661
"63","Juan",165,172119
"64","Juan",84,183457
"65","Juan",132,165268
"66","Juan",20,170161
"67","Juan",70,184884
"68","Juan",137,116974
"69","Juan",136,196050
"70","Juan",169,172719
"71","Juan",54,147244
"72","Juan",35,137824
"73","Juan",165,158101
"74","Juan",84,22568
"75","Juan",132,538
"76","Juan",20,61817
"77","Juan",70,106503
"78","Juan",137,147153
"79","Juan",136,178522
"80","Juan",169,128004
"81","Juan",54,64686
"82","Juan",35,45601
"83","Juan",165,84720
"84","Juan",84,144422
"85","Juan",132,197449
"86","Juan",20,116860
"87","Juan",70,184056
"88","Juan",137,259
"89","Juan",136,126388
"90","Juan",169,127024
"91","Juan",54,59009
"92","Juan",35,38522
"93","Juan",165,113044
"94","Juan",84,84657
"95","Juan",132,13889
"96","Juan",20,11944
"97","Juan",70,111999
"98","Juan",137,170269
"99","Juan",136,39534
"100","Juan",169,44485
"101","TRUE",1,1
"102","FALSE",0,0
"103","Diego",176,59669
"104","Diego",98,161854
"105","Diego",143,11366
"106","Diego",125,20709
"107","Diego",90,189073
"108","Diego",186,168249
"109","Diego",79,182501
"110","Diego",158,109684
"111","Diego",56,191614
"112","Diego",48,74093
"113","Diego",176,162871
"114","Diego",98,1109
"115","Diego",143,84475
"116","Diego",125,90684
"117","Diego",90,75875
"118","Diego",186,181219
"119","Diego",79,168847
"120","Diego",158,12821
"121","Diego",56,18112
"122","Diego",48,80391
"123","Diego",176,196966
"124","Diego",98,10417
"125","Diego",143,131947
"126","Diego",125,140353
"127","Diego",90,77145
"128","Diego",186,46330
"129","Diego",79,76531
"130","Diego",158,55563
"131","Diego",56,68695
"132","Diego",48,104757
"133","Diego",176,115258
"134","Diego",98,108960
"135","Diego",143,96467
"136","Diego",125,74079
"137","Diego",90,165161
"138","Diego",186,80651
"139","Diego",79,50063
"140","Diego",158,178570
"141","Diego",56,103896
"142","Diego",48,83333
"143","Diego",176,96203
"144","Diego",98,59958
"145","Diego",143,118385
"146","Diego",125,28798
"147","Diego",90,157442
"148","Diego",186,63555
"149","Diego",79,91146
"150","Diego",158,112614
"151","Diego",56,124074
"152","Diego",48,113326
"153","Diego",176,3387
"154","Diego",98,50017
"155","Diego",143,149085
"156","Diego",125,110290
"157","Diego",90,81973
"158","Diego",186,66811
"159","Diego",79,5
"160","Diego",158,52165
"161","Diego",56,179596
"162","Diego",48,109950
"163","Diego",176,64691
"164","Diego",98,79083
"165","Diego",143,42269
"166","Diego",125,195227
"167","Diego",90,56010
"168","Diego",186,110055
"169","Diego",79,151454
"170","Diego",158,56944
"171","Diego",56,154610
"172","Diego",48,34833
"173","Diego",176,18056
"174","Diego",98,163018
"175","Diego",143,39692
"176","Diego",125,88211
"177","Diego",90,168049
"178","Diego",186,146320
"179","Diego",79,87905
"180","Diego",158,124099
"181","Diego",56,124184
"182","Diego",48,164269
"183","Diego",176,24162
"184","Diego",98,133944
"185","Diego",143,111033
"186","Diego",125,177444
"187","Diego",90,160150
"188","Diego",186,130792
"189","Diego",79,162002
"190","Diego",158,167579
"191","Diego",56,180623
"192","Diego",48,44034
"193","Diego",176,184563
"194","Diego",98,48076
"195","Diego",143,165039
"196","Diego",125,66910
"197","Diego",90,58984
"198","Diego",186,55014
"199","Diego",79,142611
"200","Diego",158,66955
"201","Diego",56,198676
"202","Diego",48,20387
"203","TRUE",1,1
"204","FALSE",0,0
"205","Marcela",2,116811
"206","Marcela",46,192379
"207","Marcela",135,38073
"208","Marcela",36,173529
"209","Marcela",134,18624
"210","Marcela",123,118188
"211","Marcela",129,19185
"212","Marcela",30,130488
"213","Marcela",174,64002
"214","Marcela",178,106043
"215","Marcela",2,69174
"216","Marcela",46,107411
"217","Marcela",135,7490
"218","Marcela",36,157912
"219","Marcela",134,180280
"220","Marcela",123,42283
"221","Marcela",129,145588
"222","Marcela",30,129474
"223","Marcela",174,19978
"224","Marcela",178,27474
"225","Marcela",2,160541
"226","Marcela",46,194728
"227","Marcela",135,65044
"228","Marcela",36,17785
"229","Marcela",134,150096
"230","Marcela",123,17444
"231","Marcela",129,147371
"232","Marcela",30,77454
"233","Marcela",174,192648
"234","Marcela",178,17883
"235","Marcela",2,129812
"236","Marcela",46,4728
"237","Marcela",135,169250
"238","Marcela",36,87421
"239","Marcela",134,46167
"240","Marcela",123,129058
"241","Marcela",129,164903
"242","Marcela",30,37365
"243","Marcela",174,51920
"244","Marcela",178,47662
"245","Marcela",2,63698
"246","Marcela",46,170214
"247","Marcela",135,5273
"248","Marcela",36,120896
"249","Marcela",134,188544
"250","Marcela",123,160979
"251","Marcela",129,143845
"252","Marcela",30,175506
"253","Marcela",174,145912
"254","Marcela",178,3763
"255","Marcela",2,169006
"256","Marcela",46,110442
"257","Marcela",135,126507
"258","Marcela",36,192008
"259","Marcela",134,21343
"260","Marcela",123,51305
"261","Marcela",129,167402
"262","Marcela",30,64286
"263","Marcela",174,54891
"264","Marcela",178,63935
"265","Marcela",2,149196
"266","Marcela",46,50311
"267","Marcela",135,118122
"268","Marcela",36,146673
"269","Marcela",134,196706
"270","Marcela",123,38885
"271","Marcela",129,147832
"272","Marcela",30,69991
"273","Marcela",174,175109
"274","Marcela",178,12057
"275","Marcela",2,39740
"276","Marcela",46,67222
"277","Marcela",135,110050
"278","Marcela",36,60451
"279","Marcela",134,3649
"280","Marcela",123,96938
"281","Marcela",129,40250
"282","Marcela",30,41377
"283","Marcela",174,11496
"284","Marcela",178,125522
"285","Marcela",2,140416
"286","Marcela",46,52624
"287","Marcela",135,105632
"288","Marcela",36,103255
"289","Marcela",134,7193
"290","Marcela",123,33726
"291","Marcela",129,183564
"292","Marcela",30,144894
"293","Marcela",174,176560
"294","Marcela",178,59635
"295","Marcela",2,67813
"296","Marcela",46,161354
"297","Marcela",135,63843
"298","Marcela",36,26303
"299","Marcela",134,70910
"300","Marcela",123,67985
"301","Marcela",129,85652
"302","Marcela",30,137897
"303","Marcela",174,52515
"304","Marcela",178,90925
"305","TRUE",1,1
"306","FALSE",0,0
"307","Eduardo",146,58741
"308","Eduardo",75,74379
"309","Eduardo",46,165321
"310","Eduardo",63,57583
"311","Eduardo",88,25605
"312","Eduardo",130,69842
"313","Eduardo",28,50832
"314","Eduardo",48,184864
"315","Eduardo",67,101972
"316","Eduardo",83,131585
"317","Eduardo",146,79717
"318","Eduardo",75,17043
"319","Eduardo",46,59862
"320","Eduardo",63,165763
"321","Eduardo",88,149703
"322","Eduardo",130,147060
"323","Eduardo",28,101045
"324","Eduardo",48,172746
"325","Eduardo",67,33337
"326","Eduardo",83,92742
"327","Eduardo",146,64389
"328","Eduardo",75,55397
"329","Eduardo",46,185400
"330","Eduardo",63,7244
"331","Eduardo",88,145359
"332","Eduardo",130,151926
"333","Eduardo",28,34107
"334","Eduardo",48,47354
"335","Eduardo",67,167306
"336","Eduardo",83,166967
"337","Eduardo",146,16623
"338","Eduardo",75,123340
"339","Eduardo",46,84641
"340","Eduardo",63,43958
"341","Eduardo",88,163162
"342","Eduardo",130,22178
"343","Eduardo",28,2104
"344","Eduardo",48,112395
"345","Eduardo",67,67170
"346","Eduardo",83,7123
"347","Eduardo",146,161262
"348","Eduardo",75,133702
"349","Eduardo",46,59317
"350","Eduardo",63,139561
"351","Eduardo",88,38811
"352","Eduardo",130,46989
"353","Eduardo",28,17249
"354","Eduardo",48,105471
"355","Eduardo",67,176744
"356","Eduardo",83,10857
"357","Eduardo",146,39614
"358","Eduardo",75,171478
"359","Eduardo",46,110508
"360","Eduardo",63,66479
"361","Eduardo",88,24021
"362","Eduardo",130,185519
"363","Eduardo",28,148227
"364","Eduardo",48,193888
"365","Eduardo",67,130669
"366","Eduardo",83,27853
"367","Eduardo",146,15624
"368","Eduardo",75,199080
"369","Eduardo",46,108418
"370","Eduardo",63,169747
"371","Eduardo",88,194358
"372","Eduardo",130,127486
"373","Eduardo",28,172277
"374","Eduardo",48,57284
"375","Eduardo",67,159340
"376","Eduardo",83,142579
"377","Eduardo",146,173775
"378","Eduardo",75,21764
"379","Eduardo",46,172103
"380","Eduardo",63,1673
"381","Eduardo",88,32262
"382","Eduardo",130,109210
"383","Eduardo",28,8121
"384","Eduardo",48,149861
"385","Eduardo",67,65479
"386","Eduardo",83,42956
"387","Eduardo",146,166646
"388","Eduardo",75,197371
"389","Eduardo",46,79257
"390","Eduardo",63,199568
"391","Eduardo",88,128603
"392","Eduardo",130,1572
"393","Eduardo",28,186402
"394","Eduardo",48,118869
"395","Eduardo",67,189634
"396","Eduardo",83,45808
"397","Eduardo",146,17656
"398","Eduardo",75,49356
"399","Eduardo",46,141680
"400","Eduardo",63,1430
"401","Eduardo",88,52523
"402","Eduardo",130,42986
"403","Eduardo",28,59944
"404","Eduardo",48,177188
"405","Eduardo",67,159871
"406","Eduardo",83,41014
"407","TRUE",1,1
"408","FALSE",0,0
"409","NaN",190,105606
"410","NaN",12,16798
"411","NaN",35,115048
"412","NaN",58,197350
"413","NaN",53,161646
"414","NaN",192,88747
"415","NaN",90,152554
"416","NaN",96,47600
"417","NaN",114,102814
"418","NaN",111,157778
"419","NaN",190,144191
"420","NaN",12,131224
"421","NaN",35,174412
"422","NaN",58,27727
"423","NaN",53,195994
"424","NaN",192,179286
"425","NaN",90,112224
"426","NaN",96,109209
"427","NaN",114,59349
"428","NaN",111,89823
"429","NaN",190,13278
"430","NaN",12,141579
"431","NaN",35,130941
"432","NaN",58,160737
"433","NaN",53,42790
"434","NaN",192,196716
"435","NaN",90,163000
"436","NaN",96,121898
"437","NaN",114,173848
"438","NaN",111,175959
"439","NaN",190,160468
"440","NaN",12,162010
"441","NaN",35,125335
"442","NaN",58,42414
"443","NaN",53,107862
"444","NaN",192,71980
"445","NaN",90,188594
"446","NaN",96,197249
"447","NaN",114,136803
"448","NaN",111,63634
"449","NaN",190,30830
"450","NaN",12,1965
"451","NaN",35,13035
"452","NaN",58,21117
"453","NaN",53,112805
"454","NaN",192,41053
"455","NaN",90,123219
"456","NaN",96,100967
"457","NaN",114,51665
"458","NaN",111,10644
"459","NaN",190,102700
"460","NaN",12,101854
"461","NaN",35,31107
"462","NaN",58,159230
"463","NaN",53,109771
"464","NaN",192,147250
"465","NaN",90,114926
"466","NaN",96,99598
"467","NaN",114,179209
"468","NaN",111,19255
"469","NaN",190,168617
"470","NaN",12,34040
"471","NaN",35,9080
"472","NaN",58,140408
"473","NaN",53,2841
"474","NaN",192,23997
"475","NaN",90,1479
"476","NaN",96,72217
"477","NaN",114,130518
"478","NaN",111,116086
"479","NaN",190,77584
"480","NaN",12,172549
"481","NaN",35,18614
"482","NaN",58,164575
"483","NaN",53,39516
"484","NaN",192,149740
"485","NaN",90,82269
"486","NaN",96,138778
"487","NaN",114,66545
"488","NaN",111,194461
"489","NaN",190,195574
"490","NaN",12,34914
"491","NaN",35,190749
"492","NaN",58,61122
"493","NaN",53,145564
"494","NaN",192,96679
"495","NaN",90,34358
"496","NaN",96,163808
"497","NaN",114,53024
"498","NaN",111,129852
"499","NaN",190,13289
"500","NaN",12,190026
"501","NaN",35,177848
"502","NaN",58,133639
"503","NaN",53,103449
"504","NaN",192,85960
"505","NaN",90,136939
"506","NaN",96,7414
"507","NaN",114,176318
"508","NaN",111,93167
"509","TRUE",1,1
"510","FALSE",0,0
"511","Ximena",63,64209
"512","Ximena",126,182256
"513","Ximena",55,180500
"514","Ximena",194,183675
"515","Ximena",171,137216
"516","Ximena",91,110898
"517","Ximena",5,112509
"518","Ximena",119,175383
"519","Ximena",11,190092
"520","Ximena",60,147285
"521","Ximena",63,96579
"522","Ximena",126,104074
"523","Ximena",55,7267
"524","Ximena",194,106826
"525","Ximena",171,141355
"526","Ximena",91,110736
"527","Ximena",5,88496
"528","Ximena",119,153909
"529","Ximena",11,95979
"530","Ximena",60,189039
"531","Ximena",63,152809
"532","Ximena",126,36417
"533","Ximena",55,8098
"534","Ximena",194,67892
"535","Ximena",171,53330
"536","Ximena",91,63290
"537","Ximena",5,110929
"538","Ximena",119,72039
"539","Ximena",11,168360
"540","Ximena",60,64634
"541","Ximena",63,60330
"542","Ximena",126,28225
"543","Ximena",55,88786
"544","Ximena",194,129964
"545","Ximena",171,125714
"546","Ximena",91,127945
"547","Ximena",5,98887
"548","Ximena",119,119765
"549","Ximena",11,153799
"550","Ximena",60,146950
"551","Ximena",63,183510
"552","Ximena",126,193077
"553","Ximena",55,36634
"554","Ximena",194,117057
"555","Ximena",171,110023
"556","Ximena",91,24433
"557","Ximena",5,47445
"558","Ximena",119,37270
"559","Ximena",11,186351
"560","Ximena",60,66740
"561","Ximena",63,67398
"562","Ximena",126,193165
"563","Ximena",55,63457
"564","Ximena",194,135610
"565","Ximena",171,35329
"566","Ximena",91,134343
"567","Ximena",5,170151
"568","Ximena",119,158141
"569","Ximena",11,198352
"570","Ximena",60,9067
"571","Ximena",63,154723
"572","Ximena",126,60478
"573","Ximena",55,115976
"574","Ximena",194,57160
"575","Ximena",171,185711
"576","Ximena",91,4441
"577","Ximena",5,6419
"578","Ximena",119,79278
"579","Ximena",11,16539
"580","Ximena",60,8469
"581","Ximena",63,132970
"582","Ximena",126,165837
"583","Ximena",55,181471
"584","Ximena",194,32610
"585","Ximena",171,190215
"586","Ximena",91,109932
"587","Ximena",5,135251
"588","Ximena",119,20195
"589","Ximena",11,8507
"590","Ximena",60,160894
"591","Ximena",63,57114
"592","Ximena",126,104363
"593","Ximena",55,168000
"594","Ximena",194,175473
"595","Ximena",171,62866
"596","Ximena",91,159765
"597","Ximena",5,90717
"598","Ximena",119,156242
"599","Ximena",11,70974
"600","Ximena",60,19145
"601","Ximena",63,150085
"602","Ximena",126,99498
"603","Ximena",55,155510
"604","Ximena",194,73075
"605","Ximena",171,113014
"606","Ximena",91,175136
"607","Ximena",5,17092
"608","Ximena",119,97945
"609","Ximena",11,40594
"610","Ximena",60,168492
"611","TRUE",1,1
"612","FALSE",0,0
"613","Natalia",166,29969
"614","Natalia",57,108295
"615","Natalia",118,169260
"616","Natalia",174,89584
"617","Natalia",73,55161
"618","Natalia",55,57688
"619","Natalia",119,106798
"620","Natalia",9,60003
"621","Natalia",58,116118
"622","Natalia",5,194525
"623","Natalia",166,35293
"624","Natalia",57,143524
"625","Natalia",118,32726
"626","Natalia",174,168188
"627","Natalia",73,127420
"628","Natalia",55,13000
"629","Natalia",119,113010
"630","Natalia",9,81234
"631","Natalia",58,173074
"632","Natalia",5,46980
"633","Natalia",166,134047
"634","Natalia",57,26061
"635","Natalia",118,14234
"636","Natalia",174,93637
"637","Natalia",73,61928
"638","Natalia",55,60548
"639","Natalia",119,178315
"640","Natalia",9,15424
"641","Natalia",58,126420
"642","Natalia",5,80912
"643","Natalia",166,102410
"644","Natalia",57,121737
"645","Natalia",118,126903
"646","Natalia",174,119929
"647","Natalia",73,92302
"648","Natalia",55,98216
"649","Natalia",119,92432
"650","Natalia",9,101826
"651","Natalia",58,79190
"652","Natalia",5,39825
"653","Natalia",166,19470
"654","Natalia",57,86774
"655","Natalia",118,87258
"656","Natalia",174,152245
"657","Natalia",73,177971
"658","Natalia",55,78470
"659","Natalia",119,91253
"660","Natalia",9,173144
"661","Natalia",58,64860
"662","Natalia",5,135878
"663","Natalia",166,162648
"664","Natalia",57,111452
"665","Natalia",118,67087
"666","Natalia",174,39809
"667","Natalia",73,12905
"668","Natalia",55,25224
"669","Natalia",119,43088
"670","Natalia",9,122460
"671","Natalia",58,2194
"672","Natalia",5,194676
"673","Natalia",166,165316
"674","Natalia",57,94010
"675","Natalia",118,177856
"676","Natalia",174,104673
"677","Natalia",73,14794
"678","Natalia",55,4663
"679","Natalia",119,62332
"680","Natalia",9,40782
"681","Natalia",58,155228
"682","Natalia",5,195008
"683","Natalia",166,7036
"684","Natalia",57,29391
"685","Natalia",118,4539
"686","Natalia",174,135838
"687","Natalia",73,168615
"688","Natalia",55,3659
"689","Natalia",119,23025
"690","Natalia",9,85619
"691","Natalia",58,171680
"692","Natalia",5,90429
"693","Natalia",166,101338
"694","Natalia",57,196466
"695","Natalia",118,117009
"696","Natalia",174,109007
"697","Natalia",73,167465
"698","Natalia",55,44233
"699","Natalia",119,198551
"700","Natalia",9,174457
"701","Natalia",58,12646
"702","Natalia",5,141198
"703","Natalia",166,129162
"704","Natalia",57,36180
"705","Natalia",118,111932
"706","Natalia",174,145353
"707","Natalia",73,101394
"708","Natalia",55,185197
"709","Natalia",119,193516
"710","Natalia",9,16608
"711","Natalia",58,190375
"712","Natalia",5,102713
"713","TRUE",1,1
"714","FALSE",0,0
"715","Macarena",76,110422
"716","Macarena",169,25829
"717","Macarena",46,156222
"718","Macarena",175,129101
"719","Macarena",82,5900
"720","Macarena",124,155390
"721","Macarena",33,143311
"722","Macarena",92,75133
"723","Macarena",79,136479
"724","Macarena",140,153743
"725","Macarena",76,77324
"726","Macarena",169,30889
"727","Macarena",46,85350
"728","Macarena",175,144628
"729","Macarena",82,51065
"730","Macarena",124,112894
"731","Macarena",33,159880
"732","Macarena",92,149784
"733","Macarena",79,169929
"734","Macarena",140,172636
"735","Macarena",76,27271
"736","Macarena",169,100938
"737","Macarena",46,116035
"738","Macarena",175,94065
"739","Macarena",82,120152
"740","Macarena",124,84874
"741","Macarena",33,10693
"742","Macarena",92,11933
"743","Macarena",79,189412
"744","Macarena",140,6042
"745","Macarena",76,77374
"746","Macarena",169,155527
"747","Macarena",46,116629
"748","Macarena",175,124885
"749","Macarena",82,16482
"750","Macarena",124,163226
"751","Macarena",33,60389
"752","Macarena",92,21559
"753","Macarena",79,52016
"754","Macarena",140,119645
"755","Macarena",76,187815
"756","Macarena",169,105911
"757","Macarena",46,92320
"758","Macarena",175,28508
"759","Macarena",82,38429
"760","Macarena",124,114273
"761","Macarena",33,109080
"762","Macarena",92,111595
"763","Macarena",79,147441
"764","Macarena",140,94997
"765","Macarena",76,175910
"766","Macarena",169,42276
"767","Macarena",46,50457
"768","Macarena",175,1185
"769","Macarena",82,125302
"770","Macarena",124,71942
"771","Macarena",33,150050
"772","Macarena",92,19038
"773","Macarena",79,64873
"774","Macarena",140,37298
"775","Macarena",76,43866
"776","Macarena",169,30445
"777","Macarena",46,110060
"778","Macarena",175,100885
"779","Macarena",82,15654
"780","Macarena",124,54776
"781","Macarena",33,3754
"782","Macarena",92,93994
"783","Macarena",79,41361
"784","Macarena",140,63964
"785","Macarena",76,105490
"786","Macarena",169,58234
"787","Macarena",46,111974
"788","Macarena",175,156736
"789","Macarena",82,174120
"790","Macarena",124,101964
"791","Macarena",33,24017
"792","Macarena",92,23595
"793","Macarena",79,16490
"794","Macarena",140,7854
"795","Macarena",76,76022
"796","Macarena",169,152539
"797","Macarena",46,49643
"798","Macarena",175,20332
"799","Macarena",82,11328
"800","Macarena",124,148101
"801","Macarena",33,29936
"802","Macarena",92,96630
"803","Macarena",79,106152
"804","Macarena",140,98593
"805","Macarena",76,92403
"806","Macarena",169,106930
"807","Macarena",46,29101
"808","Macarena",175,6130
"809","Macarena",82,80160
"810","Macarena",124,29617
"811","Macarena",33,137114
"812","Macarena",92,130347
"813","Macarena",79,183842
"814","Macarena",140,11036
"815","TRUE",1,1
"816","FALSE",0,0
"817","Carolina",189,186009
"818","Carolina",127,149018
"819","Carolina",95,77823
"820","Carolina",112,150170
"821","Carolina",198,178161
"822","Carolina",121,149472
"823","Carolina",91,123573
"824","Carolina",84,101906
"825","Carolina",10,162861
"826","Carolina",156,165980
"827","Carolina",189,64761
"828","Carolina",127,13866
"829","Carolina",95,64980
"830","Carolina",112,79129
"831","Carolina",198,195691
"832","Carolina",121,149177
"833","Carolina",91,147993
"834","Carolina",84,54613
"835","Carolina",10,27910
"836","Carolina",156,144586
"837","Carolina",189,26567
"838","Carolina",127,70782
"839","Carolina",95,182541
"840","Carolina",112,16741
"841","Carolina",198,112403
"842","Carolina",121,156077
"843","Carolina",91,177027
"844","Carolina",84,17569
"845","Carolina",10,109374
"846","Carolina",156,183131
"847","Carolina",189,170853
"848","Carolina",127,66549
"849","Carolina",95,67971
"850","Carolina",112,178361
"851","Carolina",198,198728
"852","Carolina",121,133418
"853","Carolina",91,193307
"854","Carolina",84,193565
"855","Carolina",10,102352
"856","Carolina",156,188050
"857","Carolina",189,79168
"858","Carolina",127,175040
"859","Carolina",95,191005
"860","Carolina",112,68602
"861","Carolina",198,163808
"862","Carolina",121,72471
"863","Carolina",91,20151
"864","Carolina",84,184033
"865","Carolina",10,129994
"866","Carolina",156,47114
"867","Carolina",189,134375
"868","Carolina",127,94640
"869","Carolina",95,163518
"870","Carolina",112,71289
"871","Carolina",198,141507
"872","Carolina",121,178262
"873","Carolina",91,73359
"874","Carolina",84,44955
"875","Carolina",10,4009
"876","Carolina",156,67658
"877","Carolina",189,185342
"878","Carolina",127,26422
"879","Carolina",95,168806
"880","Carolina",112,44830
"881","Carolina",198,98687
"882","Carolina",121,25762
"883","Carolina",91,113465
"884","Carolina",84,162845
"885","Carolina",10,173357
"886","Carolina",156,142008
"887","Carolina",189,72958
"888","Carolina",127,44905
"889","Carolina",95,55530
"890","Carolina",112,62194
"891","Carolina",198,180515
"892","Carolina",121,192360
"893","Carolina",91,175673
"894","Carolina",84,84411
"895","Carolina",10,78815
"896","Carolina",156,121393
"897","Carolina",189,133988
"898","Carolina",127,97657
"899","Carolina",95,29904
"900","Carolina",112,51678
"901","Carolina",198,83333
"902","Carolina",121,48653
"903","Carolina",91,96780
"904","Carolina",84,89249
"905","Carolina",10,140341
"906","Carolina",156,40754
"907","Carolina",189,107079
"908","Carolina",127,189623
"909","Carolina",95,42724
"910","Carolina",112,15348
"911","Carolina",198,123115
"912","Carolina",121,169399
"913","Carolina",91,176222
"914","Carolina",84,177527
"915","Carolina",10,51873
"916","Carolina",156,46634
"917","TRUE",1,1
"918","FALSE",0,0
"919","Antonia",98,182524
"920","Antonia",170,19132
"921","Antonia",69,104412
"922","Antonia",150,8817
"923","Antonia",200,63422
"924","Antonia",104,174778
"925","Antonia",30,35586
"926","Antonia",83,189413
"927","Antonia",131,83378
"928","Antonia",158,13622
"929","Antonia",98,107903
"930","Antonia",170,43966
"931","Antonia",69,102042
"932","Antonia",150,193753
"933","Antonia",200,20468
"934","Antonia",104,195832
"935","Antonia",30,41711
"936","Antonia",83,103326
"937","Antonia",131,57093
"938","Antonia",158,96420
"939","Antonia",98,92281
"940","Antonia",170,80275
"941","Antonia",69,169658
"942","Antonia",150,121506
"943","Antonia",200,60600
"944","Antonia",104,140539
"945","Antonia",30,11799
"946","Antonia",83,149716
"947","Antonia",131,145464
"948","Antonia",158,194707
"949","Antonia",98,150809
"950","Antonia",170,171756
"951","Antonia",69,122400
"952","Antonia",150,62788
"953","Antonia",200,50568
"954","Antonia",104,114923
"955","Antonia",30,182592
"956","Antonia",83,58734
"957","Antonia",131,84734
"958","Antonia",158,60769
"959","Antonia",98,140060
"960","Antonia",170,52662
"961","Antonia",69,90613
"962","Antonia",150,6125
"963","Antonia",200,6882
"964","Antonia",104,131533
"965","Antonia",30,145188
"966","Antonia",83,41904
"967","Antonia",131,106667
"968","Antonia",158,81926
"969","Antonia",98,95521
"970","Antonia",170,43524
"971","Antonia",69,98392
"972","Antonia",150,130010
"973","Antonia",200,143064
"974","Antonia",104,3541
"975","Antonia",30,39628
"976","Antonia",83,35727
"977","Antonia",131,48210
"978","Antonia",158,21501
"979","Antonia",98,193177
"980","Antonia",170,63961
"981","Antonia",69,112081
"982","Antonia",150,101639
"983","Antonia",200,90360
"984","Antonia",104,33163
"985","Antonia",30,171718
"986","Antonia",83,135152
"987","Antonia",131,116207
"988","Antonia",158,71611
"989","Antonia",98,180060
"990","Antonia",170,20750
"991","Antonia",69,179856
"992","Antonia",150,31017
"993","Antonia",200,138059
"994","Antonia",104,15133
"995","Antonia",30,141979
"996","Antonia",83,147267
"997","Antonia",131,47556
"998","Antonia",158,34719
"999","Antonia",98,9480
"1000","Antonia",170,96234
"1001","Antonia",69,59625
"1002","Antonia",150,47081
"1003","Antonia",200,131669
"1004","Antonia",104,114524
"1005","Antonia",30,57971
"1006","Antonia",83,42430
"1007","Antonia",131,118791
"1008","Antonia",158,172358
"1009","Antonia",98,118672
"1010","Antonia",170,156993
"1011","Antonia",69,73771
"1012","Antonia",150,43560
"1013","Antonia",200,151836
"1014","Antonia",104,70985
"1015","Antonia",30,73680
"1016","Antonia",83,112863
"1017","Antonia",131,118124
"1018","Antonia",158,34728
"1019","TRUE",1,1
"1020","FALSE",0,0
"1021","Elsa",200,123491
"1022","Elsa",49,76982
"1023","Elsa",111,165328
"1024","Elsa",26,74430
"1025","Elsa",123,164425
"1026","Elsa",84,78060
"1027","Elsa",133,31533
"1028","Elsa",113,48084
"1029","Elsa",125,50857
"1030","Elsa",28,59730
"1031","Elsa",200,147663
"1032","Elsa",49,175024
"1033","Elsa",111,21959
"1034","Elsa",26,162010
"1035","Elsa",123,188484
"1036","Elsa",84,138221
"1037","Elsa",133,157948
"1038","Elsa",113,104524
"1039","Elsa",125,109754
"1040","Elsa",28,122143
"1041","Elsa",200,18514
"1042","Elsa",49,57310
"1043","Elsa",111,45312
"1044","Elsa",26,75104
"1045","Elsa",123,144288
"1046","Elsa",84,81384
"1047","Elsa",133,188945
"1048","Elsa",113,188994
"1049","Elsa",125,117673
"1050","Elsa",28,82514
"1051","Elsa",200,125002
"1052","Elsa",49,63890
"1053","Elsa",111,38952
"1054","Elsa",26,127113
"1055","Elsa",123,46890
"1056","Elsa",84,156011
"1057","Elsa",133,45646
"1058","Elsa",113,140870
"1059","Elsa",125,189205
"1060","Elsa",28,96589
"1061","Elsa",200,95491
"1062","Elsa",49,150152
"1063","Elsa",111,58719
"1064","Elsa",26,66196
"1065","Elsa",123,186204
"1066","Elsa",84,172351
"1067","Elsa",133,89407
"1068","Elsa",113,118100
"1069","Elsa",125,78902
"1070","Elsa",28,114505
"1071","Elsa",200,96747
"1072","Elsa",49,100639
"1073","Elsa",111,179396
"1074","Elsa",26,149614
"1075","Elsa",123,152862
"1076","Elsa",84,59670
"1077","Elsa",133,50249
"1078","Elsa",113,72193
"1079","Elsa",125,161506
"1080","Elsa",28,173865
"1081","Elsa",200,117323
"1082","Elsa",49,43913
"1083","Elsa",111,30301
"1084","Elsa",26,83992
"1085","Elsa",123,123612
"1086","Elsa",84,33225
"1087","Elsa",133,191523
"1088","Elsa",113,172796
"1089","Elsa",125,79504
"1090","Elsa",28,93610
"1091","Elsa",200,118006
"1092","Elsa",49,197050
"1093","Elsa",111,24371
"1094","Elsa",26,75945
"1095","Elsa",123,7798
"1096","Elsa",84,165078
"1097","Elsa",133,156517
"1098","Elsa",113,8981
"1099","Elsa",125,64825
"1100","Elsa",28,13634
"1101","Elsa",200,8740
"1102","Elsa",49,88719
"1103","Elsa",111,180189
"1104","Elsa",26,123265
"1105","Elsa",123,25668
"1106","Elsa",84,192252
"1107","Elsa",133,165854
"1108","Elsa",113,145660
"1109","Elsa",125,95526
"1110","Elsa",28,172498
"1111","Elsa",200,167338
"1112","Elsa",49,53576
"1113","Elsa",111,152893
"1114","Elsa",26,83428
"1115","Elsa",123,55886
"1116","Elsa",84,82297
"1117","Elsa",133,82593
"1118","Elsa",113,25014
"1119","Elsa",125,162991
"1120","Elsa",28,7596
"1121","TRUE",1,1
"1122","FALSE",0,0
"1123","Magnus",84,94671
"1124","Magnus",167,153420
"1125","Magnus",47,96392
"1126","Magnus",1,132757
"1127","Magnus",199,90870
"1128","Magnus",190,181998
"1129","Magnus",19,95700
"1130","Magnus",178,113522
"1131","Magnus",63,12466
"1132","Magnus",122,173822
"1133","Magnus",84,50736
"1134","Magnus",167,118909
"1135","Magnus",47,3613
"1136","Magnus",1,4185
"1137","Magnus",199,166679
"1138","Magnus",190,112088
"1139","Magnus",19,139303
"1140","Magnus",178,134308
"1141","Magnus",63,197056
"1142","Magnus",122,154989
"1143","Magnus",84,8617
"1144","Magnus",167,21639
"1145","Magnus",47,64602
"1146","Magnus",1,100186
"1147","Magnus",199,4182
"1148","Magnus",190,123662
"1149","Magnus",19,75129
"1150","Magnus",178,193923
"1151","Magnus",63,40344
"1152","Magnus",122,10447
"1153","Magnus",84,38261
"1154","Magnus",167,156257
"1155","Magnus",47,56375
"1156","Magnus",1,79930
"1157","Magnus",199,20369
"1158","Magnus",190,1223
"1159","Magnus",19,88999
"1160","Magnus",178,46851
"1161","Magnus",63,125744
"1162","Magnus",122,100533
"1163","Magnus",84,35177
"1164","Magnus",167,74180
"1165","Magnus",47,117624
"1166","Magnus",1,170109
"1167","Magnus",199,47157
"1168","Magnus",190,52345
"1169","Magnus",19,160192
"1170","Magnus",178,40109
"1171","Magnus",63,43655
"1172","Magnus",122,55962
"1173","Magnus",84,67475
"1174","Magnus",167,125418
"1175","Magnus",47,193536
"1176","Magnus",1,131566
"1177","Magnus",199,104430
"1178","Magnus",190,161819
"1179","Magnus",19,187414
"1180","Magnus",178,139133
"1181","Magnus",63,62741
"1182","Magnus",122,8220
"1183","Magnus",84,67232
"1184","Magnus",167,105729
"1185","Magnus",47,61058
"1186","Magnus",1,150961
"1187","Magnus",199,34372
"1188","Magnus",190,106537
"1189","Magnus",19,52563
"1190","Magnus",178,45297
"1191","Magnus",63,78885
"1192","Magnus",122,92239
"1193","Magnus",84,11357
"1194","Magnus",167,189785
"1195","Magnus",47,194315
"1196","Magnus",1,83941
"1197","Magnus",199,57856
"1198","Magnus",190,85487
"1199","Magnus",19,7940
"1200","Magnus",178,165331
"1201","Magnus",63,187165
"1202","Magnus",122,52818
"1203","Magnus",84,54972
"1204","Magnus",167,82442
"1205","Magnus",47,16970
"1206","Magnus",1,20659
"1207","Magnus",199,163117
"1208","Magnus",190,61564
"1209","Magnus",19,96381
"1210","Magnus",178,140327
"1211","Magnus",63,57157
"1212","Magnus",122,170525
"1213","Magnus",84,47572
"1214","Magnus",167,196206
"1215","Magnus",47,137331
"1216","Magnus",1,119544
"1217","Magnus",199,184740
"1218","Magnus",190,193549
"1219","Magnus",19,141921
"1220","Magnus",178,141659
"1221","Magnus",63,100792
"1222","Magnus",122,188993
"1223","TRUE",1,1
"1224","FALSE",0,0
"1225","Ana",22,17561
"1226","Ana",141,159332
"1227","Ana",187,112722
"1228","Ana",147,15907
"1229","Ana",41,47713
"1230","Ana",153,31998
"1231","Ana",18,29066
"1232","Ana",5,176988
"1233","Ana",107,151477
"1234","Ana",76,106515
"1235","Ana",22,8464
"1236","Ana",141,177291
"1237","Ana",187,187763
"1238","Ana",147,8489
"1239","Ana",41,31132
"1240","Ana",153,99442
"1241","Ana",18,140135
"1242","Ana",5,77418
"1243","Ana",107,53536
"1244","Ana",76,54446
"1245","Ana",22,162270
"1246","Ana",141,171625
"1247","Ana",187,38855
"1248","Ana",147,10313
"1249","Ana",41,142386
"1250","Ana",153,128681
"1251","Ana",18,103992
"1252","Ana",5,150595
"1253","Ana",107,39381
"1254","Ana",76,89335
"1255","Ana",22,199381
"1256","Ana",141,70643
"1257","Ana",187,63840
"1258","Ana",147,50962
"1259","Ana",41,35854
"1260","Ana",153,59886
"1261","Ana",18,155517
"1262","Ana",5,59235
"1263","Ana",107,93657
"1264","Ana",76,35355
"1265","Ana",22,97477
"1266","Ana",141,89415
"1267","Ana",187,189766
"1268","Ana",147,23964
"1269","Ana",41,96780
"1270","Ana",153,151937
"1271","Ana",18,146865
"1272","Ana",5,147309
"1273","Ana",107,175407
"1274","Ana",76,171883
"1275","Ana",22,133778
"1276","Ana",141,95483
"1277","Ana",187,92779
"1278","Ana",147,158676
"1279","Ana",41,157144
"1280","Ana",153,117776
"1281","Ana",18,15851
"1282","Ana",5,117781
"1283","Ana",107,36982
"1284","Ana",76,56743
"1285","Ana",22,19796
"1286","Ana",141,53118
"1287","Ana",187,20793
"1288","Ana",147,133988
"1289","Ana",41,120636
"1290","Ana",153,156859
"1291","Ana",18,153620
"1292","Ana",5,28309
"1293","Ana",107,78514
"1294","Ana",76,106391
"1295","Ana",22,28888
"1296","Ana",141,27266
"1297","Ana",187,50061
"1298","Ana",147,145757
"1299","Ana",41,22708
"1300","Ana",153,61059
"1301","Ana",18,27730
"1302","Ana",5,54657
"1303","Ana",107,8737
"1304","Ana",76,82825
"1305","Ana",22,129552
"1306","Ana",141,180783
"1307","Ana",187,125706
"1308","Ana",147,10083
"1309","Ana",41,73004
"1310","Ana",153,40028
"1311","Ana",18,169561
"1312","Ana",5,107148
"1313","Ana",107,27328
"1314","Ana",76,79168
"1315","Ana",22,192541
"1316","Ana",141,12127
"1317","Ana",187,160415
"1318","Ana",147,31705
"1319","Ana",41,183993
"1320","Ana",153,144994
"1321","Ana",18,163811
"1322","Ana",5,160219
"1323","Ana",107,47774
"1324","Ana",76,199747
"1325","TRUE",1,1
"1326","FALSE",0,0
"1327","Michael",192,37807
"1328","Michael",28,106392
"1329","Michael",60,128462
"1330","Michael",105,111536
"1331","Michael",136,185680
"1332","Michael",165,164512
"1333","Michael",30,49779
"1334","Michael",4,65826
"1335","Michael",160,3745
"1336","Michael",93,171169
"1337","Michael",192,196380
"1338","Michael",28,22136
"1339","Michael",60,17249
"1340","Michael",105,66506
"1341","Michael",136,64687
"1342","Michael",165,10431
"1343","Michael",30,121307
"1344","Michael",4,129220
"1345","Michael",160,80001
"1346","Michael",93,102556
"1347","Michael",192,98426
"1348","Michael",28,188291
"1349","Michael",60,115283
"1350","Michael",105,115066
"1351","Michael",136,33756
"1352","Michael",165,173951
"1353","Michael",30,115759
"1354","Michael",4,195717
"1355","Michael",160,24221
"1356","Michael",93,5464
"1357","Michael",192,37022
"1358","Michael",28,23054
"1359","Michael",60,68617
"1360","Michael",105,197750
"1361","Michael",136,164212
"1362","Michael",165,22699
"1363","Michael",30,152551
"1364","Michael",4,47187
"1365","Michael",160,78752
"1366","Michael",93,71302
"1367","Michael",192,19137
"1368","Michael",28,116935
"1369","Michael",60,43612
"1370","Michael",105,154097
"1371","Michael",136,47915
"1372","Michael",165,37845
"1373","Michael",30,78202
"1374","Michael",4,69284
"1375","Michael",160,139463
"1376","Michael",93,49672
"1377","Michael",192,125929
"1378","Michael",28,67097
"1379","Michael",60,79582
"1380","Michael",105,20915
"1381","Michael",136,157255
"1382","Michael",165,192703
"1383","Michael",30,2232
"1384","Michael",4,142958
"1385","Michael",160,26499
"1386","Michael",93,179120
"1387","Michael",192,157237
"1388","Michael",28,14643
"1389","Michael",60,189236
"1390","Michael",105,185039
"1391","Michael",136,150270
"1392","Michael",165,76531
"1393","Michael",30,137409
"1394","Michael",4,147520
"1395","Michael",160,25563
"1396","Michael",93,16504
"1397","Michael",192,72818
"1398","Michael",28,150697
"1399","Michael",60,28967
"1400","Michael",105,69471
"1401","Michael",136,115945
"1402","Michael",165,193671
"1403","Michael",30,16636
"1404","Michael",4,147901
"1405","Michael",160,2024
"1406","Michael",93,146941
"1407","Michael",192,120898
"1408","Michael",28,52762
"1409","Michael",60,16147
"1410","Michael",105,55240
"1411","Michael",136,36042
"1412","Michael",165,89734
"1413","Michael",30,83904
"1414","Michael",4,147043
"1415","Michael",160,117200
"1416","Michael",93,145629
"1417","Michael",192,132611
"1418","Michael",28,194402
"1419","Michael",60,78591
"1420","Michael",105,169303
"1421","Michael",136,6989
"1422","Michael",165,65143
"1423","Michael",30,50079
"1424","Michael",4,43579
"1425","Michael",160,183480
"1426","Michael",93,181388
"1427","TRUE",1,1
"1428","FALSE",0,0
"1429","Rodrigo",69,123139
"1430","Rodrigo",36,81475
"1431","Rodrigo",188,186539
"1432","Rodrigo",20,115710
"1433","Rodrigo",61,116481
"1434","Rodrigo",47,156125
"1435","Rodrigo",169,72781
"1436","Rodrigo",179,166900
"1437","Rodrigo",39,105135
"1438","Rodrigo",114,155381
"1439","Rodrigo",69,18155
"1440","Rodrigo",36,108500
"1441","Rodrigo",188,75716
"1442","Rodrigo",20,199956
"1443","Rodrigo",61,101413
"1444","Rodrigo",47,134288
"1445","Rodrigo",169,13826
"1446","Rodrigo",179,21658
"1447","Rodrigo",39,155069
"1448","Rodrigo",114,74202
"1449","Rodrigo",69,175403
"1450","Rodrigo",36,78710
"1451","Rodrigo",188,191431
"1452","Rodrigo",20,111517
"1453","Rodrigo",61,73744
"1454","Rodrigo",47,191933
"1455","Rodrigo",169,123809
"1456","Rodrigo",179,166439
"1457","Rodrigo",39,20458
"1458","Rodrigo",114,129758
"1459","Rodrigo",69,52168
"1460","Rodrigo",36,108043
"1461","Rodrigo",188,140271
"1462","Rodrigo",20,39828
"1463","Rodrigo",61,20713
"1464","Rodrigo",47,111899
"1465","Rodrigo",169,119974
"1466","Rodrigo",179,74704
"1467","Rodrigo",39,43894
"1468","Rodrigo",114,144128
"1469","Rodrigo",69,85926
"1470","Rodrigo",36,8667
"1471","Rodrigo",188,23786
"1472","Rodrigo",20,33567
"1473","Rodrigo",61,192124
"1474","Rodrigo",47,68963
"1475","Rodrigo",169,111551
"1476","Rodrigo",179,94600
"1477","Rodrigo",39,171217
"1478","Rodrigo",114,184737
"1479","Rodrigo",69,51918
"1480","Rodrigo",36,108086
"1481","Rodrigo",188,18938
"1482","Rodrigo",20,154024
"1483","Rodrigo",61,63461
"1484","Rodrigo",47,191528
"1485","Rodrigo",169,94501
"1486","Rodrigo",179,135086
"1487","Rodrigo",39,48441
"1488","Rodrigo",114,113270
"1489","Rodrigo",69,43768
"1490","Rodrigo",36,121440
"1491","Rodrigo",188,136167
"1492","Rodrigo",20,83699
"1493","Rodrigo",61,62804
"1494","Rodrigo",47,85365
"1495","Rodrigo",169,164273
"1496","Rodrigo",179,101773
"1497","Rodrigo",39,73382
"1498","Rodrigo",114,188741
"1499","Rodrigo",69,176938
"1500","Rodrigo",36,58286
"1501","Rodrigo",188,7194
"1502","Rodrigo",20,93199
"1503","Rodrigo",61,56119
"1504","Rodrigo",47,45124
"1505","Rodrigo",169,122052
"1506","Rodrigo",179,33697
"1507","Rodrigo",39,121850
"1508","Rodrigo",114,23582
"1509","Rodrigo",69,126033
"1510","Rodrigo",36,46198
"1511","Rodrigo",188,184676
"1512","Rodrigo",20,133456
"1513","Rodrigo",61,19993
"1514","Rodrigo",47,150156
"1515","Rodrigo",169,51106
"1516","Rodrigo",179,85450
"1517","Rodrigo",39,52985
"1518","Rodrigo",114,174891
"1519","Rodrigo",69,159356
"1520","Rodrigo",36,176865
"1521","Rodrigo",188,48363
"1522","Rodrigo",20,117878
"1523","Rodrigo",61,46199
"1524","Rodrigo",47,143714
"1525","Rodrigo",169,128788
"1526","Rodrigo",179,112279
"1527","Rodrigo",39,121489
"1528","Rodrigo",114,42516
"1529","TRUE",1,1
"1530","FALSE",0,0
"1531","Manuel",32,28292
"1532","Manuel",20,192768
"1533","Manuel",198,110040
"1534","Manuel",98,189799
"1535","Manuel",86,129972
"1536","Manuel",59,159875
"1537","Manuel",139,123338
"1538","Manuel",195,108271
"1539","Manuel",81,189277
"1540","Manuel",71,189335
"1541","Manuel",32,115520
"1542","Manuel",20,105808
"1543","Manuel",198,74987
"1544","Manuel",98,2538
"1545","Manuel",86,165659
"1546","Manuel",59,70616
"1547","Manuel",139,129516
"1548","Manuel",195,56482
"1549","Manuel",81,60063
"1550","Manuel",71,132339
"1551","Manuel",32,131964
"1552","Manuel",20,75585
"1553","Manuel",198,112859
"1554","Manuel",98,179994
"1555","Manuel",86,140705
"1556","Manuel",59,154070
"1557","Manuel",139,66322
"1558","Manuel",195,91174
"1559","Manuel",81,113555
"1560","Manuel",71,175000
"1561","Manuel",32,57248
"1562","Manuel",20,68997
"1563","Manuel",198,137183
"1564","Manuel",98,63230
"1565","Manuel",86,173929
"1566","Manuel",59,187067
"1567","Manuel",139,28452
"1568","Manuel",195,8378
"1569","Manuel",81,64459
"1570","Manuel",71,22408
"1571","Manuel",32,187543
"1572","Manuel",20,147588
"1573","Manuel",198,42219
"1574","Manuel",98,27408
"1575","Manuel",86,110018
"1576","Manuel",59,53853
"1577","Manuel",139,52409
"1578","Manuel",195,197440
"1579","Manuel",81,58496
"1580","Manuel",71,153614
"1581","Manuel",32,36919
"1582","Manuel",20,34618
"1583","Manuel",198,4293
"1584","Manuel",98,51910
"1585","Manuel",86,188992
"1586","Manuel",59,45203
"1587","Manuel",139,34912
"1588","Manuel",195,160430
"1589","Manuel",81,82354
"1590","Manuel",71,110330
"1591","Manuel",32,177460
"1592","Manuel",20,148981
"1593","Manuel",198,86762
"1594","Manuel",98,170211
"1595","Manuel",86,165778
"1596","Manuel",59,157460
"1597","Manuel",139,37459
"1598","Manuel",195,90746
"1599","Manuel",81,155264
"1600","Manuel",71,170685
"1601","Manuel",32,32400
"1602","Manuel",20,7486
"1603","Manuel",198,639
"1604","Manuel",98,114104
"1605","Manuel",86,26980
"1606","Manuel",59,25392
"1607","Manuel",139,162285
"1608","Manuel",195,52224
"1609","Manuel",81,31531
"1610","Manuel",71,197971
"1611","Manuel",32,15770
"1612","Manuel",20,198052
"1613","Manuel",198,32523
"1614","Manuel",98,183728
"1615","Manuel",86,143325
"1616","Manuel",59,132172
"1617","Manuel",139,127552
"1618","Manuel",195,81659
"1619","Manuel",81,108738
"1620","Manuel",71,19554
"1621","Manuel",32,35938
"1622","Manuel",20,33659
"1623","Manuel",198,123487
"1624","Manuel",98,18377
"1625","Manuel",86,187322
"1626","Manuel",59,42201
"1627","Manuel",139,145505
"1628","Manuel",195,181948
"1629","Manuel",81,16089
"1630","Manuel",71,14934
"1631","TRUE",1,1
"1632","FALSE",0,0
"1633","Leonor",98,103221
"1634","Leonor",184,115301
"1635","Leonor",64,84611
"1636","Leonor",126,184532
"1637","Leonor",156,129533
"1638","Leonor",193,92459
"1639","Leonor",25,99408
"1640","Leonor",80,198408
"1641","Leonor",22,182353
"1642","Leonor",141,123269
"1643","Leonor",98,102849
"1644","Leonor",184,107365
"1645","Leonor",64,33372
"1646","Leonor",126,171055
"1647","Leonor",156,159707
"1648","Leonor",193,146622
"1649","Leonor",25,184346
"1650","Leonor",80,58959
"1651","Leonor",22,177252
"1652","Leonor",141,132270
"1653","Leonor",98,166124
"1654","Leonor",184,8822
"1655","Leonor",64,51026
"1656","Leonor",126,150958
"1657","Leonor",156,156829
"1658","Leonor",193,49891
"1659","Leonor",25,108202
"1660","Leonor",80,39316
"1661","Leonor",22,48748
"1662","Leonor",141,129393
"1663","Leonor",98,182347
"1664","Leonor",184,191657
"1665","Leonor",64,166059
"1666","Leonor",126,80830
"1667","Leonor",156,14928
"1668","Leonor",193,101293
"1669","Leonor",25,31492
"1670","Leonor",80,161091
"1671","Leonor",22,19423
"1672","Leonor",141,183552
"1673","Leonor",98,129818
"1674","Leonor",184,197731
"1675","Leonor",64,168624
"1676","Leonor",126,23271
"1677","Leonor",156,100656
"1678","Leonor",193,109868
"1679","Leonor",25,27828
"1680","Leonor",80,135856
"1681","Leonor",22,179838
"1682","Leonor",141,194252
"1683","Leonor",98,161186
"1684","Leonor",184,185168
"1685","Leonor",64,76128
"1686","Leonor",126,108926
"1687","Leonor",156,191648
"1688","Leonor",193,129085
"1689","Leonor",25,191322
"1690","Leonor",80,31552
"1691","Leonor",22,130536
"1692","Leonor",141,149988
"1693","Leonor",98,71593
"1694","Leonor",184,11855
"1695","Leonor",64,124217
"1696","Leonor",126,174179
"1697","Leonor",156,34197
"1698","Leonor",193,31776
"1699","Leonor",25,31693
"1700","Leonor",80,83093
"1701","Leonor",22,120037
"1702","Leonor",141,184366
"1703","Leonor",98,141051
"1704","Leonor",184,97375
"1705","Leonor",64,158047
"1706","Leonor",126,150825
"1707","Leonor",156,111241
"1708","Leonor",193,33653
"1709","Leonor",25,198410
"1710","Leonor",80,151772
"1711","Leonor",22,123183
"1712","Leonor",141,53543
"1713","Leonor",98,87635
"1714","Leonor",184,82751
"1715","Leonor",64,28189
"1716","Leonor",126,135876
"1717","Leonor",156,194867
"1718","Leonor",193,188921
"1719","Leonor",25,165525
"1720","Leonor",80,184899
"1721","Leonor",22,46324
"1722","Leonor",141,107004
"1723","Leonor",98,129586
"1724","Leonor",184,367
"1725","Leonor",64,15986
"1726","Leonor",126,93911
"1727","Leonor",156,121606
"1728","Leonor",193,56162
"1729","Leonor",25,8051
"1730","Leonor",80,92469
"1731","Leonor",22,196056
"1732","Leonor",141,64169
"1733","TRUE",1,1
"1734","FALSE",0,0
"1735","Anastasia",119,88373
"1736","Anastasia",111,57454
"1737","Anastasia",118,101928
"1738","Anastasia",66,146105
"1739","Anastasia",33,104504
"1740","Anastasia",43,138760
"1741","Anastasia",149,27080
"1742","Anastasia",106,69348
"1743","Anastasia",175,36502
"1744","Anastasia",156,190377
"1745","Anastasia",119,56396
"1746","Anastasia",111,15318
"1747","Anastasia",118,57044
"1748","Anastasia",66,116223
"1749","Anastasia",33,41586
"1750","Anastasia",43,150299
"1751","Anastasia",149,90303
"1752","Anastasia",106,182912
"1753","Anastasia",175,134489
"1754","Anastasia",156,4000
"1755","Anastasia",119,52351
"1756","Anastasia",111,6407
"1757","Anastasia",118,88217
"1758","Anastasia",66,181711
"1759","Anastasia",33,175735
"1760","Anastasia",43,163153
"1761","Anastasia",149,151585
"1762","Anastasia",106,115289
"1763","Anastasia",175,153962
"1764","Anastasia",156,31222
"1765","Anastasia",119,106324
"1766","Anastasia",111,144951
"1767","Anastasia",118,39952
"1768","Anastasia",66,91376
"1769","Anastasia",33,96139
"1770","Anastasia",43,5299
"1771","Anastasia",149,51845
"1772","Anastasia",106,118305
"1773","Anastasia",175,14998
"1774","Anastasia",156,5768
"1775","Anastasia",119,81290
"1776","Anastasia",111,102379
"1777","Anastasia",118,138995
"1778","Anastasia",66,28124
"1779","Anastasia",33,90533
"1780","Anastasia",43,67584
"1781","Anastasia",149,95182
"1782","Anastasia",106,37515
"1783","Anastasia",175,175667
"1784","Anastasia",156,166676
"1785","Anastasia",119,104916
"1786","Anastasia",111,73632
"1787","Anastasia",118,6125
"1788","Anastasia",66,188372
"1789","Anastasia",33,104103
"1790","Anastasia",43,127045
"1791","Anastasia",149,141857
"1792","Anastasia",106,196542
"1793","Anastasia",175,87657
"1794","Anastasia",156,82123
"1795","Anastasia",119,150207
"1796","Anastasia",111,111092
"1797","Anastasia",118,108567
"1798","Anastasia",66,162849
"1799","Anastasia",33,167085
"1800","Anastasia",43,166749
"1801","Anastasia",149,40414
"1802","Anastasia",106,86502
"1803","Anastasia",175,103272
"1804","Anastasia",156,176255
"1805","Anastasia",119,102272
"1806","Anastasia",111,7045
"1807","Anastasia",118,23175
"1808","Anastasia",66,107974
"1809","Anastasia",33,35245
"1810","Anastasia",43,106939
"1811","Anastasia",149,102453
"1812","Anastasia",106,43241
"1813","Anastasia",175,193544
"1814","Anastasia",156,157405
"1815","Anastasia",119,77913
"1816","Anastasia",111,102618
"1817","Anastasia",118,29910
"1818","Anastasia",66,175899
"1819","Anastasia",33,10426
"1820","Anastasia",43,12806
"1821","Anastasia",149,109376
"1822","Anastasia",106,148316
"1823","Anastasia",175,8903
"1824","Anastasia",156,191983
"1825","Anastasia",119,164865
"1826","Anastasia",111,167340
"1827","Anastasia",118,119001
"1828","Anastasia",66,109736
"1829","Anastasia",33,103253
"1830","Anastasia",43,149930
"1831","Anastasia",149,101796
"1832","Anastasia",106,169719
"1833","Anastasia",175,137127
"1834","Anastasia",156,134629
"1835","TRUE",1,1
"1836","FALSE",0,0
"1837","Luis",100,189536
"1838","Luis",109,90980
"1839","Luis",34,172826
"1840","Luis",190,172791
"1841","Luis",59,38789
"1842","Luis",110,31274
"1843","Luis",78,184816
"1844","Luis",85,67785
"1845","Luis",172,66665
"1846","Luis",61,124446
"1847","Luis",100,167577
"1848","Luis",109,169885
"1849","Luis",34,179403
"1850","Luis",190,162231
"1851","Luis",59,124632
"1852","Luis",110,54980
"1853","Luis",78,84861
"1854","Luis",85,160673
"1855","Luis",172,37625
"1856","Luis",61,70003
"1857","Luis",100,94630
"1858","Luis",109,66748
"1859","Luis",34,65415
"1860","Luis",190,85783
"1861","Luis",59,34184
"1862","Luis",110,80817
"1863","Luis",78,10792
"1864","Luis",85,98840
"1865","Luis",172,41246
"1866","Luis",61,83116
"1867","Luis",100,50149
"1868","Luis",109,102694
"1869","Luis",34,61713
"1870","Luis",190,109687
"1871","Luis",59,119514
"1872","Luis",110,177596
"1873","Luis",78,159917
"1874","Luis",85,166644
"1875","Luis",172,113554
"1876","Luis",61,138897
"1877","Luis",100,12053
"1878","Luis",109,167240
"1879","Luis",34,147569
"1880","Luis",190,78979
"1881","Luis",59,22127
"1882","Luis",110,24493
"1883","Luis",78,112870
"1884","Luis",85,101971
"1885","Luis",172,26983
"1886","Luis",61,61675
"1887","Luis",100,93250
"1888","Luis",109,157855
"1889","Luis",34,154268
"1890","Luis",190,73874
"1891","Luis",59,36946
"1892","Luis",110,185356
"1893","Luis",78,118256
"1894","Luis",85,15800
"1895","Luis",172,93623
"1896","Luis",61,101017
"1897","Luis",100,14366
"1898","Luis",109,80257
"1899","Luis",34,119386
"1900","Luis",190,7544
"1901","Luis",59,182352
"1902","Luis",110,144781
"1903","Luis",78,40371
"1904","Luis",85,18168
"1905","Luis",172,57176
"1906","Luis",61,36942
"1907","Luis",100,149745
"1908","Luis",109,64813
"1909","Luis",34,101649
"1910","Luis",190,28366
"1911","Luis",59,169247
"1912","Luis",110,2199
"1913","Luis",78,135144
"1914","Luis",85,191726
"1915","Luis",172,4173
"1916","Luis",61,87754
"1917","Luis",100,91765
"1918","Luis",109,32411
"1919","Luis",34,133348
"1920","Luis",190,103869
"1921","Luis",59,198536
"1922","Luis",110,184910
"1923","Luis",78,47747
"1924","Luis",85,193305
"1925","Luis",172,194027
"1926","Luis",61,140558
"1927","Luis",100,133680
"1928","Luis",109,148640
"1929","Luis",34,114481
"1930","Luis",190,76513
"1931","Luis",59,36230
"1932","Luis",110,6398
"1933","Luis",78,133516
"1934","Luis",85,28370
"1935","Luis",172,129036
"1936","Luis",61,119143
"1937","TRUE",1,1
"1938","FALSE",0,0
"1939","Luffy",199,121629
"1940","Luffy",136,174441
"1941","Luffy",47,196676
"1942","Luffy",109,189372
"1943","Luffy",165,85075
"1944","Luffy",18,154790
"1945","Luffy",151,117340
"1946","Luffy",194,81606
"1947","Luffy",95,121872
"1948","Luffy",166,179512
"1949","Luffy",199,143564
"1950","Luffy",136,29597
"1951","Luffy",47,106263
"1952","Luffy",109,124077
"1953","Luffy",165,81125
"1954","Luffy",18,36107
"1955","Luffy",151,24171
"1956","Luffy",194,151698
"1957","Luffy",95,176881
"1958","Luffy",166,30119
"1959","Luffy",199,30182
"1960","Luffy",136,62651
"1961","Luffy",47,46148
"1962","Luffy",109,131111
"1963","Luffy",165,189648
"1964","Luffy",18,169719
"1965","Luffy",151,51996
"1966","Luffy",194,97838
"1967","Luffy",95,199135
"1968","Luffy",166,186415
"1969","Luffy",199,33579
"1970","Luffy",136,130086
"1971","Luffy",47,42656
"1972","Luffy",109,178151
"1973","Luffy",165,131583
"1974","Luffy",18,7687
"1975","Luffy",151,57946
"1976","Luffy",194,29931
"1977","Luffy",95,191033
"1978","Luffy",166,126144
"1979","Luffy",199,89714
"1980","Luffy",136,18913
"1981","Luffy",47,133751
"1982","Luffy",109,173549
"1983","Luffy",165,2264
"1984","Luffy",18,128943
"1985","Luffy",151,10141
"1986","Luffy",194,130467
"1987","Luffy",95,189044
"1988","Luffy",166,116961
"1989","Luffy",199,23311
"1990","Luffy",136,165244
"1991","Luffy",47,199897
"1992","Luffy",109,109230
"1993","Luffy",165,123752
"1994","Luffy",18,53070
"1995","Luffy",151,78203
"1996","Luffy",194,51138
"1997","Luffy",95,118012
"1998","Luffy",166,108231
"1999","Luffy",199,136313
"2000","Luffy",136,70751
"2001","Luffy",47,111822
"2002","Luffy",109,118666
"2003","Luffy",165,44819
"2004","Luffy",18,21910
"2005","Luffy",151,100330
"2006","Luffy",194,38883
"2007","Luffy",95,95881
"2008","Luffy",166,149618
"2009","Luffy",199,62677
"2010","Luffy",136,42506
"2011","Luffy",47,18552
"2012","Luffy",109,34225
"2013","Luffy",165,24475
"2014","Luffy",18,87846
"2015","Luffy",151,167531
"2016","Luffy",194,67096
"2017","Luffy",95,8722
"2018","Luffy",166,163253
"2019","Luffy",199,199755
"2020","Luffy",136,66342
"2021","Luffy",47,117303
"2022","Luffy",109,36035
"2023","Luffy",165,189440
"2024","Luffy",18,50648
"2025","Luffy",151,74094
"2026","Luffy",194,113402
"2027","Luffy",95,156385
"2028","Luffy",166,83439
"2029","Luffy",199,199686
"2030","Luffy",136,57408
"2031","Luffy",47,65491
"2032","Luffy",109,123121
"2033","Luffy",165,77921
"2034","Luffy",18,157984
"2035","Luffy",151,31289
"2036","Luffy",194,141940
"2037","Luffy",95,85883
"2038","Luffy",166,188346
"2039","TRUE",1,1
"2040","FALSE",0,0
"2041","Pedro",128,141288
"2042","Pedro",169,35092
"2043","Pedro",108,17928
"2044","Pedro",159,73593
"2045","Pedro",38,19442
"2046","Pedro",141,123474
"2047","Pedro",110,11749
"2048","Pedro",58,45929
"2049","Pedro",33,97927
"2050","Pedro",134,48598
"2051","Pedro",128,142617
"2052","Pedro",169,102638
"2053","Pedro",108,17526
"2054","Pedro",159,189110
"2055","Pedro",38,126671
"2056","Pedro",141,6093
"2057","Pedro",110,56306
"2058","Pedro",58,98944
"2059","Pedro",33,41964
"2060","Pedro",134,99871
"2061","Pedro",128,90901
"2062","Pedro",169,192809
"2063","Pedro",108,51729
"2064","Pedro",159,121777
"2065","Pedro",38,69554
"2066","Pedro",141,187912
"2067","Pedro",110,65245
"2068","Pedro",58,118494
"2069","Pedro",33,61424
"2070","Pedro",134,13007
"2071","Pedro",128,184894
"2072","Pedro",169,110411
"2073","Pedro",108,147000
"2074","Pedro",159,103566
"2075","Pedro",38,53730
"2076","Pedro",141,132973
"2077","Pedro",110,140584
"2078","Pedro",58,90157
"2079","Pedro",33,98503
"2080","Pedro",134,199222
"2081","Pedro",128,75975
"2082","Pedro",169,155524
"2083","Pedro",108,32424
"2084","Pedro",159,13871
"2085","Pedro",38,16324
"2086","Pedro",141,55166
"2087","Pedro",110,60222
"2088","Pedro",58,62971
"2089","Pedro",33,143187
"2090","Pedro",134,98274
"2091","Pedro",128,147913
"2092","Pedro",169,195093
"2093","Pedro",108,133656
"2094","Pedro",159,116912
"2095","Pedro",38,75234
"2096","Pedro",141,123769
"2097","Pedro",110,128165
"2098","Pedro",58,163025
"2099","Pedro",33,63059
"2100","Pedro",134,182230
"2101","Pedro",128,187528
"2102","Pedro",169,171740
"2103","Pedro",108,54372
"2104","Pedro",159,21152
"2105","Pedro",38,87970
"2106","Pedro",141,43606
"2107","Pedro",110,60781
"2108","Pedro",58,92891
"2109","Pedro",33,140844
"2110","Pedro",134,175027
"2111","Pedro",128,114791
"2112","Pedro",169,152133
"2113","Pedro",108,111142
"2114","Pedro",159,37992
"2115","Pedro",38,33670
"2116","Pedro",141,87846
"2117","Pedro",110,172292
"2118","Pedro",58,137350
"2119","Pedro",33,184807
"2120","Pedro",134,152944
"2121","Pedro",128,83060
"2122","Pedro",169,35213
"2123","Pedro",108,173268
"2124","Pedro",159,143707
"2125","Pedro",38,198886
"2126","Pedro",141,81084
"2127","Pedro",110,168304
"2128","Pedro",58,73107
"2129","Pedro",33,31154
"2130","Pedro",134,44312
"2131","Pedro",128,107450
"2132","Pedro",169,149319
"2133","Pedro",108,1159
"2134","Pedro",159,83729
"2135","Pedro",38,142387
"2136","Pedro",141,153126
"2137","Pedro",110,36215
"2138","Pedro",58,190447
"2139","Pedro",33,33844
"2140","Pedro",134,165366
"2141","TRUE",1,1
"2142","FALSE",0,0
